/*
 智能停车场管理系统 - 初始化数据
 包含：多维度收费规则、4个停车区域、508个车位(两层各254个)、测试账号

 使用说明：
 1. 先执行 sp.sql 创建表结构
 2. 再执行此文件导入初始化数据
*/

SET NAMES utf8mb4;
SET FOREIGN_KEY_CHECKS = 0;

-- 清空现有数据（保留表结构）
TRUNCATE TABLE `parking_record`;
TRUNCATE TABLE `parking_space`;
TRUNCATE TABLE `parking_area`;
TRUNCATE TABLE `fee_rule`;
TRUNCATE TABLE `sys_user`;

-- ==================== 初始化数据 ====================

-- ----------------------------
-- 收费规则（真实场景设计）
-- ----------------------------

-- 1. 标准收费（白天时段）- 适用于A、B、C区
INSERT INTO `fee_rule` (`rule_id`, `rule_name`, `free_minutes`, `first_hour_fee`, `extra_hour_fee`, `daily_max_fee`, `is_default`, `status`) VALUES
(1, '标准收费-日间', 15, 5.00, 3.00, 50.00, 1, 1);

-- 2. VIP区收费（更高价格，更好服务）
INSERT INTO `fee_rule` (`rule_id`, `rule_name`, `free_minutes`, `first_hour_fee`, `extra_hour_fee`, `daily_max_fee`, `is_default`, `status`) VALUES
(2, 'VIP专区收费', 30, 10.00, 6.00, 100.00, 0, 1);

-- 3. 夜间优惠收费（18:00-08:00）
INSERT INTO `fee_rule` (`rule_id`, `rule_name`, `free_minutes`, `first_hour_fee`, `extra_hour_fee`, `daily_max_fee`, `is_default`, `status`) VALUES
(3, '夜间优惠收费', 60, 3.00, 2.00, 20.00, 0, 1);

-- 4. 工作日包月套餐（企业用户）
INSERT INTO `fee_rule` (`rule_id`, `rule_name`, `free_minutes`, `first_hour_fee`, `extra_hour_fee`, `daily_max_fee`, `is_default`, `status`) VALUES
(4, '工作日包月-普通区', 0, 0.00, 0.00, 600.00, 0, 1);

-- 5. 24小时封顶优惠（适合长时间停车）
INSERT INTO `fee_rule` (`rule_id`, `rule_name`, `free_minutes`, `first_hour_fee`, `extra_hour_fee`, `daily_max_fee`, `is_default`, `status`) VALUES
(5, '24小时封顶优惠', 0, 4.00, 2.50, 35.00, 0, 1);

-- 6. 周末节假日优惠
INSERT INTO `fee_rule` (`rule_id`, `rule_name`, `free_minutes`, `first_hour_fee`, `extra_hour_fee`, `daily_max_fee`, `is_default`, `status`) VALUES
(6, '周末节假日优惠', 30, 4.00, 2.00, 40.00, 0, 1);

-- 7. 充电桩车位（含电费）
INSERT INTO `fee_rule` (`rule_id`, `rule_name`, `free_minutes`, `first_hour_fee`, `extra_hour_fee`, `daily_max_fee`, `is_default`, `status`) VALUES
(7, '充电桩车位收费', 15, 8.00, 5.00, 80.00, 0, 1);

-- ----------------------------
-- 停车区域（4个区域，每层254个车位，两层共508个）
-- ----------------------------

-- A区：P车位区域（每层188个，共376个）
INSERT INTO `parking_area` (`area_id`, `area_code`, `area_name`, `total_spaces`, `available_spaces`, `status`) VALUES
(1, 'A', 'A区-P车位区', 376, 376, 1);

-- B区：S新能源区域（每层40个，共80个）
INSERT INTO `parking_area` (`area_id`, `area_code`, `area_name`, `total_spaces`, `available_spaces`, `status`) VALUES
(2, 'B', 'B区-新能源区', 80, 80, 1);

-- C区：E东向车位（每层13个，共26个）
INSERT INTO `parking_area` (`area_id`, `area_code`, `area_name`, `total_spaces`, `available_spaces`, `status`) VALUES
(3, 'C', 'C区-东向车位', 26, 26, 1);

-- D区：W西向车位（每层13个，共26个）
INSERT INTO `parking_area` (`area_id`, `area_code`, `area_name`, `total_spaces`, `available_spaces`, `status`) VALUES
(4, 'D', 'D区-西向车位', 26, 26, 1);

-- ----------------------------
-- 用户账号
-- ----------------------------

-- 管理员账号 (密码: 123456)
INSERT INTO `sys_user` (`user_id`, `username`, `password`, `phone`, `user_type`, `status`, `create_time`) VALUES
(1, 'admin', '$2a$10$N.zmdr9k7uOCQb376NoUnuTJ8iAt6Z5EHsM8lE9lBOsl7iAt6Z5EW', '13800138000', 1, 1, NOW());

-- 测试普通用户 (密码: 123456)
INSERT INTO `sys_user` (`user_id`, `username`, `password`, `phone`, `user_type`, `status`, `create_time`) VALUES
(2, 'user', '$2a$10$N.zmdr9k7uOCQb376NoUnuTJ8iAt6Z5EHsM8lE9lBOsl7iAt6Z5EW', '13800138001', 2, 1, NOW());

-- ----------------------------
-- 停车位（共508个，每层254个，与MAP格子数匹配）
-- ----------------------------

-- ==================== 一层车位 (floor=1, space_id=1-254) ====================

-- 一层A区：P车位 188个（A001-A188）
INSERT INTO `parking_space` (`space_id`, `area_id`, `floor`, `space_code`, `space_type`, `status`) VALUES
(1, 1, 1, 'A001', '普通', 0), (2, 1, 1, 'A002', '普通', 0), (3, 1, 1, 'A003', '普通', 0), (4, 1, 1, 'A004', '普通', 0), (5, 1, 1, 'A005', '普通', 0),
(6, 1, 1, 'A006', '普通', 0), (7, 1, 1, 'A007', '普通', 0), (8, 1, 1, 'A008', '普通', 0), (9, 1, 1, 'A009', '普通', 0), (10, 1, 1, 'A010', '普通', 0),
(11, 1, 1, 'A011', '普通', 0), (12, 1, 1, 'A012', '普通', 0), (13, 1, 1, 'A013', '普通', 0), (14, 1, 1, 'A014', '普通', 0), (15, 1, 1, 'A015', '普通', 0),
(16, 1, 1, 'A016', '普通', 0), (17, 1, 1, 'A017', '普通', 0), (18, 1, 1, 'A018', '普通', 0), (19, 1, 1, 'A019', '普通', 0), (20, 1, 1, 'A020', '普通', 0),
(21, 1, 1, 'A021', '普通', 0), (22, 1, 1, 'A022', '普通', 0), (23, 1, 1, 'A023', '普通', 0), (24, 1, 1, 'A024', '普通', 0), (25, 1, 1, 'A025', '普通', 0),
(26, 1, 1, 'A026', '普通', 0), (27, 1, 1, 'A027', '普通', 0), (28, 1, 1, 'A028', '普通', 0), (29, 1, 1, 'A029', '普通', 0), (30, 1, 1, 'A030', '普通', 0),
(31, 1, 1, 'A031', '普通', 0), (32, 1, 1, 'A032', '普通', 0), (33, 1, 1, 'A033', '普通', 0), (34, 1, 1, 'A034', '普通', 0), (35, 1, 1, 'A035', '普通', 0),
(36, 1, 1, 'A036', '普通', 0), (37, 1, 1, 'A037', '普通', 0), (38, 1, 1, 'A038', '普通', 0), (39, 1, 1, 'A039', '普通', 0), (40, 1, 1, 'A040', '普通', 0),
(41, 1, 1, 'A041', '普通', 0), (42, 1, 1, 'A042', '普通', 0), (43, 1, 1, 'A043', '普通', 0), (44, 1, 1, 'A044', '普通', 0), (45, 1, 1, 'A045', '普通', 0),
(46, 1, 1, 'A046', '普通', 0), (47, 1, 1, 'A047', '普通', 0), (48, 1, 1, 'A048', '普通', 0), (49, 1, 1, 'A049', '普通', 0), (50, 1, 1, 'A050', '普通', 0),
(51, 1, 1, 'A051', '大型车', 0), (52, 1, 1, 'A052', '大型车', 0), (53, 1, 1, 'A053', '大型车', 0), (54, 1, 1, 'A054', '大型车', 0), (55, 1, 1, 'A055', '大型车', 0),
(56, 1, 1, 'A056', '普通', 0), (57, 1, 1, 'A057', '普通', 0), (58, 1, 1, 'A058', '普通', 0), (59, 1, 1, 'A059', '普通', 0), (60, 1, 1, 'A060', '普通', 0),
(61, 1, 1, 'A061', 'VIP', 0), (62, 1, 1, 'A062', 'VIP', 0), (63, 1, 1, 'A063', 'VIP', 0), (64, 1, 1, 'A064', 'VIP', 0), (65, 1, 1, 'A065', 'VIP', 0),
(66, 1, 1, 'A066', 'VIP', 0), (67, 1, 1, 'A067', 'VIP', 0), (68, 1, 1, 'A068', 'VIP', 0), (69, 1, 1, 'A069', 'VIP', 0), (70, 1, 1, 'A070', 'VIP', 0),
(71, 1, 1, 'A071', '普通', 0), (72, 1, 1, 'A072', '普通', 0), (73, 1, 1, 'A073', '普通', 0), (74, 1, 1, 'A074', '普通', 0), (75, 1, 1, 'A075', '普通', 0),
(76, 1, 1, 'A076', '普通', 0), (77, 1, 1, 'A077', '普通', 0), (78, 1, 1, 'A078', '普通', 0), (79, 1, 1, 'A079', '普通', 0), (80, 1, 1, 'A080', '普通', 0),
(81, 1, 1, 'A081', '普通', 0), (82, 1, 1, 'A082', '普通', 0), (83, 1, 1, 'A083', '普通', 0), (84, 1, 1, 'A084', '普通', 0), (85, 1, 1, 'A085', '普通', 0),
(86, 1, 1, 'A086', '普通', 0), (87, 1, 1, 'A087', '普通', 0), (88, 1, 1, 'A088', '普通', 0), (89, 1, 1, 'A089', '普通', 0), (90, 1, 1, 'A090', '普通', 0),
(91, 1, 1, 'A091', '普通', 0), (92, 1, 1, 'A092', '普通', 0), (93, 1, 1, 'A093', '普通', 0), (94, 1, 1, 'A094', '普通', 0), (95, 1, 1, 'A095', '普通', 0),
(96, 1, 1, 'A096', '普通', 0), (97, 1, 1, 'A097', '普通', 0), (98, 1, 1, 'A098', '普通', 0), (99, 1, 1, 'A099', '普通', 0), (100, 1, 1, 'A100', '普通', 0),
(101, 1, 1, 'A101', '普通', 0), (102, 1, 1, 'A102', '普通', 0), (103, 1, 1, 'A103', '普通', 0), (104, 1, 1, 'A104', '普通', 0), (105, 1, 1, 'A105', '普通', 0),
(106, 1, 1, 'A106', '普通', 0), (107, 1, 1, 'A107', '普通', 0), (108, 1, 1, 'A108', '普通', 0), (109, 1, 1, 'A109', '普通', 0), (110, 1, 1, 'A110', '普通', 0),
(111, 1, 1, 'A111', '普通', 0), (112, 1, 1, 'A112', '普通', 0), (113, 1, 1, 'A113', '普通', 0), (114, 1, 1, 'A114', '普通', 0), (115, 1, 1, 'A115', '普通', 0),
(116, 1, 1, 'A116', '普通', 0), (117, 1, 1, 'A117', '普通', 0), (118, 1, 1, 'A118', '普通', 0), (119, 1, 1, 'A119', '普通', 0), (120, 1, 1, 'A120', '普通', 0),
(121, 1, 1, 'A121', 'VIP', 0), (122, 1, 1, 'A122', 'VIP', 0), (123, 1, 1, 'A123', 'VIP', 0), (124, 1, 1, 'A124', 'VIP', 0), (125, 1, 1, 'A125', 'VIP', 0),
(126, 1, 1, 'A126', 'VIP', 0), (127, 1, 1, 'A127', 'VIP', 0), (128, 1, 1, 'A128', 'VIP', 0), (129, 1, 1, 'A129', 'VIP', 0), (130, 1, 1, 'A130', 'VIP', 0),
(131, 1, 1, 'A131', '普通', 0), (132, 1, 1, 'A132', '普通', 0), (133, 1, 1, 'A133', '普通', 0), (134, 1, 1, 'A134', '普通', 0), (135, 1, 1, 'A135', '普通', 0),
(136, 1, 1, 'A136', '普通', 0), (137, 1, 1, 'A137', '普通', 0), (138, 1, 1, 'A138', '普通', 0), (139, 1, 1, 'A139', '普通', 0), (140, 1, 1, 'A140', '普通', 0),
(141, 1, 1, 'A141', '普通', 0), (142, 1, 1, 'A142', '普通', 0), (143, 1, 1, 'A143', '普通', 0), (144, 1, 1, 'A144', '普通', 0), (145, 1, 1, 'A145', '普通', 0),
(146, 1, 1, 'A146', '普通', 0), (147, 1, 1, 'A147', '普通', 0), (148, 1, 1, 'A148', '普通', 0), (149, 1, 1, 'A149', '普通', 0), (150, 1, 1, 'A150', '普通', 0),
(151, 1, 1, 'A151', '普通', 0), (152, 1, 1, 'A152', '普通', 0), (153, 1, 1, 'A153', '普通', 0), (154, 1, 1, 'A154', '普通', 0), (155, 1, 1, 'A155', '普通', 0),
(156, 1, 1, 'A156', '普通', 0), (157, 1, 1, 'A157', '普通', 0), (158, 1, 1, 'A158', '普通', 0), (159, 1, 1, 'A159', '普通', 0), (160, 1, 1, 'A160', '普通', 0),
(161, 1, 1, 'A161', '普通', 0), (162, 1, 1, 'A162', '普通', 0), (163, 1, 1, 'A163', '普通', 0), (164, 1, 1, 'A164', '普通', 0), (165, 1, 1, 'A165', '普通', 0),
(166, 1, 1, 'A166', '普通', 0), (167, 1, 1, 'A167', '普通', 0), (168, 1, 1, 'A168', '普通', 0), (169, 1, 1, 'A169', '普通', 0), (170, 1, 1, 'A170', '普通', 0),
(171, 1, 1, 'A171', '普通', 0), (172, 1, 1, 'A172', '普通', 0), (173, 1, 1, 'A173', '普通', 0), (174, 1, 1, 'A174', '普通', 0), (175, 1, 1, 'A175', '普通', 0),
(176, 1, 1, 'A176', '普通', 0), (177, 1, 1, 'A177', '普通', 0), (178, 1, 1, 'A178', '普通', 0), (179, 1, 1, 'A179', '普通', 0), (180, 1, 1, 'A180', '普通', 0),
(181, 1, 1, 'A181', '普通', 0), (182, 1, 1, 'A182', '普通', 0), (183, 1, 1, 'A183', '普通', 0), (184, 1, 1, 'A184', '普通', 0), (185, 1, 1, 'A185', '普通', 0),
(186, 1, 1, 'A186', '普通', 0), (187, 1, 1, 'A187', '普通', 0), (188, 1, 1, 'A188', '普通', 0);

-- 一层B区：S车位 40个（B001-B040）
INSERT INTO `parking_space` (`space_id`, `area_id`, `floor`, `space_code`, `space_type`, `status`) VALUES
(189, 2, 1, 'B001', '充电桩', 0), (190, 2, 1, 'B002', '充电桩', 0), (191, 2, 1, 'B003', '充电桩', 0), (192, 2, 1, 'B004', '充电桩', 0), (193, 2, 1, 'B005', '充电桩', 0),
(194, 2, 1, 'B006', '充电桩', 0), (195, 2, 1, 'B007', '充电桩', 0), (196, 2, 1, 'B008', '充电桩', 0), (197, 2, 1, 'B009', '充电桩', 0), (198, 2, 1, 'B010', '充电桩', 0),
(199, 2, 1, 'B011', '充电桩', 0), (200, 2, 1, 'B012', '充电桩', 0), (201, 2, 1, 'B013', '充电桩', 0), (202, 2, 1, 'B014', '充电桩', 0), (203, 2, 1, 'B015', '充电桩', 0),
(204, 2, 1, 'B016', '充电桩', 0), (205, 2, 1, 'B017', '充电桩', 0), (206, 2, 1, 'B018', '充电桩', 0), (207, 2, 1, 'B019', '充电桩', 0), (208, 2, 1, 'B020', '充电桩', 0),
(209, 2, 1, 'B021', '充电桩', 0), (210, 2, 1, 'B022', '充电桩', 0), (211, 2, 1, 'B023', '充电桩', 0), (212, 2, 1, 'B024', '充电桩', 0), (213, 2, 1, 'B025', '充电桩', 0),
(214, 2, 1, 'B026', '充电桩', 0), (215, 2, 1, 'B027', '充电桩', 0), (216, 2, 1, 'B028', '充电桩', 0), (217, 2, 1, 'B029', '充电桩', 0), (218, 2, 1, 'B030', '充电桩', 0),
(219, 2, 1, 'B031', '充电桩', 0), (220, 2, 1, 'B032', '充电桩', 0), (221, 2, 1, 'B033', '充电桩', 0), (222, 2, 1, 'B034', '充电桩', 0), (223, 2, 1, 'B035', '充电桩', 0),
(224, 2, 1, 'B036', '充电桩', 0), (225, 2, 1, 'B037', '充电桩', 0), (226, 2, 1, 'B038', '充电桩', 0), (227, 2, 1, 'B039', '充电桩', 0), (228, 2, 1, 'B040', '充电桩', 0);

-- 一层C区：E车位 13个（C001-C013）
INSERT INTO `parking_space` (`space_id`, `area_id`, `floor`, `space_code`, `space_type`, `status`) VALUES
(229, 3, 1, 'C001', '普通', 0), (230, 3, 1, 'C002', '普通', 0), (231, 3, 1, 'C003', '普通', 0), (232, 3, 1, 'C004', '普通', 0),
(233, 3, 1, 'C005', '普通', 0), (234, 3, 1, 'C006', '普通', 0), (235, 3, 1, 'C007', '普通', 0), (236, 3, 1, 'C008', '普通', 0),
(237, 3, 1, 'C009', '普通', 0), (238, 3, 1, 'C010', '普通', 0), (239, 3, 1, 'C011', '普通', 0), (240, 3, 1, 'C012', '普通', 0),
(241, 3, 1, 'C013', '普通', 0);

-- 一层D区：W车位 13个（D001-D013）
INSERT INTO `parking_space` (`space_id`, `area_id`, `floor`, `space_code`, `space_type`, `status`) VALUES
(242, 4, 1, 'D001', '普通', 0), (243, 4, 1, 'D002', '普通', 0), (244, 4, 1, 'D003', '普通', 0), (245, 4, 1, 'D004', '普通', 0),
(246, 4, 1, 'D005', '普通', 0), (247, 4, 1, 'D006', '普通', 0), (248, 4, 1, 'D007', '普通', 0), (249, 4, 1, 'D008', '普通', 0),
(250, 4, 1, 'D009', '普通', 0), (251, 4, 1, 'D010', '普通', 0), (252, 4, 1, 'D011', '普通', 0), (253, 4, 1, 'D012', '普通', 0),
(254, 4, 1, 'D013', '普通', 0);

-- ==================== 二层车位 (floor=2, space_id=255-508) ====================

-- 二层A区：P车位 188个（A201-A388）
INSERT INTO `parking_space` (`space_id`, `area_id`, `floor`, `space_code`, `space_type`, `status`) VALUES
(255, 1, 2, 'A201', '普通', 0), (256, 1, 2, 'A202', '普通', 0), (257, 1, 2, 'A203', '普通', 0), (258, 1, 2, 'A204', '普通', 0), (259, 1, 2, 'A205', '普通', 0),
(260, 1, 2, 'A206', '普通', 0), (261, 1, 2, 'A207', '普通', 0), (262, 1, 2, 'A208', '普通', 0), (263, 1, 2, 'A209', '普通', 0), (264, 1, 2, 'A210', '普通', 0),
(265, 1, 2, 'A211', '普通', 0), (266, 1, 2, 'A212', '普通', 0), (267, 1, 2, 'A213', '普通', 0), (268, 1, 2, 'A214', '普通', 0), (269, 1, 2, 'A215', '普通', 0),
(270, 1, 2, 'A216', '普通', 0), (271, 1, 2, 'A217', '普通', 0), (272, 1, 2, 'A218', '普通', 0), (273, 1, 2, 'A219', '普通', 0), (274, 1, 2, 'A220', '普通', 0),
(275, 1, 2, 'A221', '普通', 0), (276, 1, 2, 'A222', '普通', 0), (277, 1, 2, 'A223', '普通', 0), (278, 1, 2, 'A224', '普通', 0), (279, 1, 2, 'A225', '普通', 0),
(280, 1, 2, 'A226', '普通', 0), (281, 1, 2, 'A227', '普通', 0), (282, 1, 2, 'A228', '普通', 0), (283, 1, 2, 'A229', '普通', 0), (284, 1, 2, 'A230', '普通', 0),
(285, 1, 2, 'A231', '普通', 0), (286, 1, 2, 'A232', '普通', 0), (287, 1, 2, 'A233', '普通', 0), (288, 1, 2, 'A234', '普通', 0), (289, 1, 2, 'A235', '普通', 0),
(290, 1, 2, 'A236', '普通', 0), (291, 1, 2, 'A237', '普通', 0), (292, 1, 2, 'A238', '普通', 0), (293, 1, 2, 'A239', '普通', 0), (294, 1, 2, 'A240', '普通', 0),
(295, 1, 2, 'A241', '普通', 0), (296, 1, 2, 'A242', '普通', 0), (297, 1, 2, 'A243', '普通', 0), (298, 1, 2, 'A244', '普通', 0), (299, 1, 2, 'A245', '普通', 0),
(300, 1, 2, 'A246', '普通', 0), (301, 1, 2, 'A247', '普通', 0), (302, 1, 2, 'A248', '普通', 0), (303, 1, 2, 'A249', '普通', 0), (304, 1, 2, 'A250', '普通', 0),
(305, 1, 2, 'A251', '大型车', 0), (306, 1, 2, 'A252', '大型车', 0), (307, 1, 2, 'A253', '大型车', 0), (308, 1, 2, 'A254', '大型车', 0), (309, 1, 2, 'A255', '大型车', 0),
(310, 1, 2, 'A256', '普通', 0), (311, 1, 2, 'A257', '普通', 0), (312, 1, 2, 'A258', '普通', 0), (313, 1, 2, 'A259', '普通', 0), (314, 1, 2, 'A260', '普通', 0),
(315, 1, 2, 'A261', 'VIP', 0), (316, 1, 2, 'A262', 'VIP', 0), (317, 1, 2, 'A263', 'VIP', 0), (318, 1, 2, 'A264', 'VIP', 0), (319, 1, 2, 'A265', 'VIP', 0),
(320, 1, 2, 'A266', 'VIP', 0), (321, 1, 2, 'A267', 'VIP', 0), (322, 1, 2, 'A268', 'VIP', 0), (323, 1, 2, 'A269', 'VIP', 0), (324, 1, 2, 'A270', 'VIP', 0),
(325, 1, 2, 'A271', '普通', 0), (326, 1, 2, 'A272', '普通', 0), (327, 1, 2, 'A273', '普通', 0), (328, 1, 2, 'A274', '普通', 0), (329, 1, 2, 'A275', '普通', 0),
(330, 1, 2, 'A276', '普通', 0), (331, 1, 2, 'A277', '普通', 0), (332, 1, 2, 'A278', '普通', 0), (333, 1, 2, 'A279', '普通', 0), (334, 1, 2, 'A280', '普通', 0),
(335, 1, 2, 'A281', '普通', 0), (336, 1, 2, 'A282', '普通', 0), (337, 1, 2, 'A283', '普通', 0), (338, 1, 2, 'A284', '普通', 0), (339, 1, 2, 'A285', '普通', 0),
(340, 1, 2, 'A286', '普通', 0), (341, 1, 2, 'A287', '普通', 0), (342, 1, 2, 'A288', '普通', 0), (343, 1, 2, 'A289', '普通', 0), (344, 1, 2, 'A290', '普通', 0),
(345, 1, 2, 'A291', '普通', 0), (346, 1, 2, 'A292', '普通', 0), (347, 1, 2, 'A293', '普通', 0), (348, 1, 2, 'A294', '普通', 0), (349, 1, 2, 'A295', '普通', 0),
(350, 1, 2, 'A296', '普通', 0), (351, 1, 2, 'A297', '普通', 0), (352, 1, 2, 'A298', '普通', 0), (353, 1, 2, 'A299', '普通', 0), (354, 1, 2, 'A300', '普通', 0),
(355, 1, 2, 'A301', '普通', 0), (356, 1, 2, 'A302', '普通', 0), (357, 1, 2, 'A303', '普通', 0), (358, 1, 2, 'A304', '普通', 0), (359, 1, 2, 'A305', '普通', 0),
(360, 1, 2, 'A306', '普通', 0), (361, 1, 2, 'A307', '普通', 0), (362, 1, 2, 'A308', '普通', 0), (363, 1, 2, 'A309', '普通', 0), (364, 1, 2, 'A310', '普通', 0),
(365, 1, 2, 'A311', '普通', 0), (366, 1, 2, 'A312', '普通', 0), (367, 1, 2, 'A313', '普通', 0), (368, 1, 2, 'A314', '普通', 0), (369, 1, 2, 'A315', '普通', 0),
(370, 1, 2, 'A316', '普通', 0), (371, 1, 2, 'A317', '普通', 0), (372, 1, 2, 'A318', '普通', 0), (373, 1, 2, 'A319', '普通', 0), (374, 1, 2, 'A320', '普通', 0),
(375, 1, 2, 'A321', '普通', 0), (376, 1, 2, 'A322', '普通', 0), (377, 1, 2, 'A323', '普通', 0), (378, 1, 2, 'A324', '普通', 0), (379, 1, 2, 'A325', '普通', 0),
(380, 1, 2, 'A326', '普通', 0), (381, 1, 2, 'A327', '普通', 0), (382, 1, 2, 'A328', '普通', 0), (383, 1, 2, 'A329', '普通', 0), (384, 1, 2, 'A330', '普通', 0),
(385, 1, 2, 'A331', '普通', 0), (386, 1, 2, 'A332', '普通', 0), (387, 1, 2, 'A333', '普通', 0), (388, 1, 2, 'A334', '普通', 0), (389, 1, 2, 'A335', '普通', 0),
(390, 1, 2, 'A336', '普通', 0), (391, 1, 2, 'A337', '普通', 0), (392, 1, 2, 'A338', '普通', 0), (393, 1, 2, 'A339', '普通', 0), (394, 1, 2, 'A340', '普通', 0),
(395, 1, 2, 'A341', '普通', 0), (396, 1, 2, 'A342', '普通', 0), (397, 1, 2, 'A343', '普通', 0), (398, 1, 2, 'A344', '普通', 0), (399, 1, 2, 'A345', '普通', 0),
(400, 1, 2, 'A346', '普通', 0), (401, 1, 2, 'A347', '普通', 0), (402, 1, 2, 'A348', '普通', 0), (403, 1, 2, 'A349', '普通', 0), (404, 1, 2, 'A350', '普通', 0),
(405, 1, 2, 'A351', '普通', 0), (406, 1, 2, 'A352', '普通', 0), (407, 1, 2, 'A353', '普通', 0), (408, 1, 2, 'A354', '普通', 0), (409, 1, 2, 'A355', '普通', 0),
(410, 1, 2, 'A356', '普通', 0), (411, 1, 2, 'A357', '普通', 0), (412, 1, 2, 'A358', '普通', 0), (413, 1, 2, 'A359', '普通', 0), (414, 1, 2, 'A360', '普通', 0),
(415, 1, 2, 'A361', '普通', 0), (416, 1, 2, 'A362', '普通', 0), (417, 1, 2, 'A363', '普通', 0), (418, 1, 2, 'A364', '普通', 0), (419, 1, 2, 'A365', '普通', 0),
(420, 1, 2, 'A366', '普通', 0), (421, 1, 2, 'A367', '普通', 0), (422, 1, 2, 'A368', '普通', 0), (423, 1, 2, 'A369', '普通', 0), (424, 1, 2, 'A370', '普通', 0),
(425, 1, 2, 'A371', '普通', 0), (426, 1, 2, 'A372', '普通', 0), (427, 1, 2, 'A373', '普通', 0), (428, 1, 2, 'A374', '普通', 0), (429, 1, 2, 'A375', '普通', 0),
(430, 1, 2, 'A376', '普通', 0), (431, 1, 2, 'A377', '普通', 0), (432, 1, 2, 'A378', '普通', 0), (433, 1, 2, 'A379', '普通', 0), (434, 1, 2, 'A380', '普通', 0),
(435, 1, 2, 'A381', '普通', 0), (436, 1, 2, 'A382', '普通', 0), (437, 1, 2, 'A383', '普通', 0), (438, 1, 2, 'A384', '普通', 0), (439, 1, 2, 'A385', '普通', 0),
(440, 1, 2, 'A386', '普通', 0), (441, 1, 2, 'A387', '普通', 0), (442, 1, 2, 'A388', '普通', 0);

-- 二层B区：S车位 40个（B201-B240）
INSERT INTO `parking_space` (`space_id`, `area_id`, `floor`, `space_code`, `space_type`, `status`) VALUES
(443, 2, 2, 'B201', '充电桩', 0), (444, 2, 2, 'B202', '充电桩', 0), (445, 2, 2, 'B203', '充电桩', 0), (446, 2, 2, 'B204', '充电桩', 0), (447, 2, 2, 'B205', '充电桩', 0),
(448, 2, 2, 'B206', '充电桩', 0), (449, 2, 2, 'B207', '充电桩', 0), (450, 2, 2, 'B208', '充电桩', 0), (451, 2, 2, 'B209', '充电桩', 0), (452, 2, 2, 'B210', '充电桩', 0),
(453, 2, 2, 'B211', '充电桩', 0), (454, 2, 2, 'B212', '充电桩', 0), (455, 2, 2, 'B213', '充电桩', 0), (456, 2, 2, 'B214', '充电桩', 0), (457, 2, 2, 'B215', '充电桩', 0),
(458, 2, 2, 'B216', '充电桩', 0), (459, 2, 2, 'B217', '充电桩', 0), (460, 2, 2, 'B218', '充电桩', 0), (461, 2, 2, 'B219', '充电桩', 0), (462, 2, 2, 'B220', '充电桩', 0),
(463, 2, 2, 'B221', '充电桩', 0), (464, 2, 2, 'B222', '充电桩', 0), (465, 2, 2, 'B223', '充电桩', 0), (466, 2, 2, 'B224', '充电桩', 0), (467, 2, 2, 'B225', '充电桩', 0),
(468, 2, 2, 'B226', '充电桩', 0), (469, 2, 2, 'B227', '充电桩', 0), (470, 2, 2, 'B228', '充电桩', 0), (471, 2, 2, 'B229', '充电桩', 0), (472, 2, 2, 'B230', '充电桩', 0),
(473, 2, 2, 'B231', '充电桩', 0), (474, 2, 2, 'B232', '充电桩', 0), (475, 2, 2, 'B233', '充电桩', 0), (476, 2, 2, 'B234', '充电桩', 0), (477, 2, 2, 'B235', '充电桩', 0),
(478, 2, 2, 'B236', '充电桩', 0), (479, 2, 2, 'B237', '充电桩', 0), (480, 2, 2, 'B238', '充电桩', 0), (481, 2, 2, 'B239', '充电桩', 0), (482, 2, 2, 'B240', '充电桩', 0);

-- 二层C区：E车位 13个（C201-C213）
INSERT INTO `parking_space` (`space_id`, `area_id`, `floor`, `space_code`, `space_type`, `status`) VALUES
(483, 3, 2, 'C201', '普通', 0), (484, 3, 2, 'C202', '普通', 0), (485, 3, 2, 'C203', '普通', 0), (486, 3, 2, 'C204', '普通', 0),
(487, 3, 2, 'C205', '普通', 0), (488, 3, 2, 'C206', '普通', 0), (489, 3, 2, 'C207', '普通', 0), (490, 3, 2, 'C208', '普通', 0),
(491, 3, 2, 'C209', '普通', 0), (492, 3, 2, 'C210', '普通', 0), (493, 3, 2, 'C211', '普通', 0), (494, 3, 2, 'C212', '普通', 0),
(495, 3, 2, 'C213', '普通', 0);

-- 二层D区：W车位 13个（D201-D213）
INSERT INTO `parking_space` (`space_id`, `area_id`, `floor`, `space_code`, `space_type`, `status`) VALUES
(496, 4, 2, 'D201', '普通', 0), (497, 4, 2, 'D202', '普通', 0), (498, 4, 2, 'D203', '普通', 0), (499, 4, 2, 'D204', '普通', 0),
(500, 4, 2, 'D205', '普通', 0), (501, 4, 2, 'D206', '普通', 0), (502, 4, 2, 'D207', '普通', 0), (503, 4, 2, 'D208', '普通', 0),
(504, 4, 2, 'D209', '普通', 0), (505, 4, 2, 'D210', '普通', 0), (506, 4, 2, 'D211', '普通', 0), (507, 4, 2, 'D212', '普通', 0),
(508, 4, 2, 'D213', '普通', 0);

SET FOREIGN_KEY_CHECKS = 1;

-- ========================================
-- 智能停车场管理系统 - 初始化数据导入完成
-- ========================================
-- 共导入：
-- - 收费规则: 7条
-- - 停车区域: 4个 (A区376个、B区80个、C区26个、D区26个)
-- - 停车位: 508个 (每层254个，共两层)
-- - 用户账号: 2个 (admin/user，密码123456)
-- ========================================
