/*
 智能停车场管理系统 - 初始化数据
 包含：多维度收费规则、4个停车区域、100个车位、测试账号

 使用说明：
 1. 先执行 sp.sql 创建表结构
 2. 再执行此文件导入初始化数据
*/

SET NAMES utf8mb4;
SET FOREIGN_KEY_CHECKS = 0;

-- 清空现有数据（保留表结构）
TRUNCATE TABLE `parking_record`;
TRUNCATE TABLE `parking_space`;
TRUNCATE TABLE `parking_area`;
TRUNCATE TABLE `fee_rule`;
TRUNCATE TABLE `sys_user`;

-- ==================== 初始化数据 ====================

-- ----------------------------
-- 收费规则（真实场景设计）
-- ----------------------------

-- 1. 标准收费（白天时段）- 适用于A、B、C区
INSERT INTO `fee_rule` (`rule_id`, `rule_name`, `free_minutes`, `first_hour_fee`, `extra_hour_fee`, `daily_max_fee`, `is_default`, `status`) VALUES
(1, '标准收费-日间', 15, 5.00, 3.00, 50.00, 1, 1);

-- 2. VIP区收费（更高价格，更好服务）
INSERT INTO `fee_rule` (`rule_id`, `rule_name`, `free_minutes`, `first_hour_fee`, `extra_hour_fee`, `daily_max_fee`, `is_default`, `status`) VALUES
(2, 'VIP专区收费', 30, 10.00, 6.00, 100.00, 0, 1);

-- 3. 夜间优惠收费（18:00-08:00）
INSERT INTO `fee_rule` (`rule_id`, `rule_name`, `free_minutes`, `first_hour_fee`, `extra_hour_fee`, `daily_max_fee`, `is_default`, `status`) VALUES
(3, '夜间优惠收费', 60, 3.00, 2.00, 20.00, 0, 1);

-- 4. 工作日包月套餐（企业用户）
INSERT INTO `fee_rule` (`rule_id`, `rule_name`, `free_minutes`, `first_hour_fee`, `extra_hour_fee`, `daily_max_fee`, `is_default`, `status`) VALUES
(4, '工作日包月-普通区', 0, 0.00, 0.00, 600.00, 0, 1);

-- 5. 24小时封顶优惠（适合长时间停车）
INSERT INTO `fee_rule` (`rule_id`, `rule_name`, `free_minutes`, `first_hour_fee`, `extra_hour_fee`, `daily_max_fee`, `is_default`, `status`) VALUES
(5, '24小时封顶优惠', 0, 4.00, 2.50, 35.00, 0, 1);

-- 6. 周末节假日优惠
INSERT INTO `fee_rule` (`rule_id`, `rule_name`, `free_minutes`, `first_hour_fee`, `extra_hour_fee`, `daily_max_fee`, `is_default`, `status`) VALUES
(6, '周末节假日优惠', 30, 4.00, 2.00, 40.00, 0, 1);

-- 7. 充电桩车位（含电费）
INSERT INTO `fee_rule` (`rule_id`, `rule_name`, `free_minutes`, `first_hour_fee`, `extra_hour_fee`, `daily_max_fee`, `is_default`, `status`) VALUES
(7, '充电桩车位收费', 15, 8.00, 5.00, 80.00, 0, 1);

-- ----------------------------
-- 停车区域（4个区域，共100个车位）
-- ----------------------------

-- A区：地面停车场（40个车位）- 靠近入口，便捷进出
INSERT INTO `parking_area` (`area_id`, `area_code`, `area_name`, `total_spaces`, `available_spaces`, `status`) VALUES
(1, 'A', 'A区-地面便捷区', 40, 40, 1);

-- B区：地下一层（30个车位）- 有充电桩
INSERT INTO `parking_area` (`area_id`, `area_code`, `area_name`, `total_spaces`, `available_spaces`, `status`) VALUES
(2, 'B', 'B区-地下一层', 30, 30, 1);

-- C区：地下二层（20个车位）- VIP专区
INSERT INTO `parking_area` (`area_id`, `area_code`, `area_name`, `total_spaces`, `available_spaces`, `status`) VALUES
(3, 'C', 'C区-VIP专区', 20, 20, 1);

-- D区：地下二层（10个车位）- 残疾人专用及特殊车位
INSERT INTO `parking_area` (`area_id`, `area_code`, `area_name`, `total_spaces`, `available_spaces`, `status`) VALUES
(4, 'D', 'D区-特殊车位区', 10, 10, 1);

-- ----------------------------
-- 用户账号
-- ----------------------------

-- 管理员账号 (密码: 123456)
INSERT INTO `sys_user` (`user_id`, `username`, `password`, `phone`, `user_type`, `status`, `create_time`) VALUES
(1, 'admin', '$2a$10$N.zmdr9k7uOCQb376NoUnuTJ8iAt6Z5EHsM8lE9lBOsl7iAt6Z5EW', '13800138000', 1, 1, NOW());

-- 测试普通用户 (密码: 123456)
INSERT INTO `sys_user` (`user_id`, `username`, `password`, `phone`, `user_type`, `status`, `create_time`) VALUES
(2, 'user', '$2a$10$N.zmdr9k7uOCQb376NoUnuTJ8iAt6Z5EHsM8lE9lBOsl7iAt6Z5EW', '13800138001', 2, 1, NOW());

-- ----------------------------
-- 停车位（共100个）
-- ----------------------------

-- A区：地面便捷区 40个（A001-A040）
-- 前30个普通车位
INSERT INTO `parking_space` (`space_id`, `area_id`, `space_code`, `space_type`, `status`) VALUES
(1, 1, 'A001', '普通', 0), (2, 1, 'A002', '普通', 0), (3, 1, 'A003', '普通', 0),
(4, 1, 'A004', '普通', 0), (5, 1, 'A005', '普通', 0), (6, 1, 'A006', '普通', 0),
(7, 1, 'A007', '普通', 0), (8, 1, 'A008', '普通', 0), (9, 1, 'A009', '普通', 0),
(10, 1, 'A010', '普通', 0), (11, 1, 'A011', '普通', 0), (12, 1, 'A012', '普通', 0),
(13, 1, 'A013', '普通', 0), (14, 1, 'A014', '普通', 0), (15, 1, 'A015', '普通', 0),
(16, 1, 'A016', '普通', 0), (17, 1, 'A017', '普通', 0), (18, 1, 'A018', '普通', 0),
(19, 1, 'A019', '普通', 0), (20, 1, 'A020', '普通', 0), (21, 1, 'A021', '普通', 0),
(22, 1, 'A022', '普通', 0), (23, 1, 'A023', '普通', 0), (24, 1, 'A024', '普通', 0),
(25, 1, 'A025', '普通', 0), (26, 1, 'A026', '普通', 0), (27, 1, 'A027', '普通', 0),
(28, 1, 'A028', '普通', 0), (29, 1, 'A029', '普通', 0), (30, 1, 'A030', '普通', 0),
-- 5个SUV大车车位
(31, 1, 'A031', '大型车', 0), (32, 1, 'A032', '大型车', 0), (33, 1, 'A033', '大型车', 0),
(34, 1, 'A034', '大型车', 0), (35, 1, 'A035', '大型车', 0),
-- 5个临时专用车位
(36, 1, 'A036', '临时专用', 0), (37, 1, 'A037', '临时专用', 0), (38, 1, 'A038', '临时专用', 0),
(39, 1, 'A039', '临时专用', 0), (40, 1, 'A040', '临时专用', 0);

-- B区：地下一层 30个（B001-B030）
-- 20个普通车位
INSERT INTO `parking_space` (`space_id`, `area_id`, `space_code`, `space_type`, `status`) VALUES
(41, 2, 'B001', '普通', 0), (42, 2, 'B002', '普通', 0), (43, 2, 'B003', '普通', 0),
(44, 2, 'B004', '普通', 0), (45, 2, 'B005', '普通', 0), (46, 2, 'B006', '普通', 0),
(47, 2, 'B007', '普通', 0), (48, 2, 'B008', '普通', 0), (49, 2, 'B009', '普通', 0),
(50, 2, 'B010', '普通', 0), (51, 2, 'B011', '普通', 0), (52, 2, 'B012', '普通', 0),
(53, 2, 'B013', '普通', 0), (54, 2, 'B014', '普通', 0), (55, 2, 'B015', '普通', 0),
(56, 2, 'B016', '普通', 0), (57, 2, 'B017', '普通', 0), (58, 2, 'B018', '普通', 0),
(59, 2, 'B019', '普通', 0), (60, 2, 'B020', '普通', 0),
-- 10个充电桩车位
(61, 2, 'B021', '充电桩', 0), (62, 2, 'B022', '充电桩', 0), (63, 2, 'B023', '充电桩', 0),
(64, 2, 'B024', '充电桩', 0), (65, 2, 'B025', '充电桩', 0), (66, 2, 'B026', '充电桩', 0),
(67, 2, 'B027', '充电桩', 0), (68, 2, 'B028', '充电桩', 0), (69, 2, 'B029', '充电桩', 0),
(70, 2, 'B030', '充电桩', 0);

-- C区：VIP专区 20个（C001-C020）
INSERT INTO `parking_space` (`space_id`, `area_id`, `space_code`, `space_type`, `status`) VALUES
(71, 3, 'C001', 'VIP', 0), (72, 3, 'C002', 'VIP', 0), (73, 3, 'C003', 'VIP', 0),
(74, 3, 'C004', 'VIP', 0), (75, 3, 'C005', 'VIP', 0), (76, 3, 'C006', 'VIP', 0),
(77, 3, 'C007', 'VIP', 0), (78, 3, 'C008', 'VIP', 0), (79, 3, 'C009', 'VIP', 0),
(80, 3, 'C010', 'VIP', 0), (81, 3, 'C011', 'VIP', 0), (82, 3, 'C012', 'VIP', 0),
(83, 3, 'C013', 'VIP', 0), (84, 3, 'C014', 'VIP', 0), (85, 3, 'C015', 'VIP', 0),
(86, 3, 'C016', 'VIP', 0), (87, 3, 'C017', 'VIP', 0), (88, 3, 'C018', 'VIP', 0),
(89, 3, 'C019', 'VIP', 0), (90, 3, 'C020', 'VIP', 0);

-- D区：访客专用区 10个（D001-D010）
INSERT INTO `parking_space` (`space_id`, `area_id`, `space_code`, `space_type`, `status`) VALUES
(91, 4, 'D001', '访客专用', 0), (92, 4, 'D002', '访客专用', 0), (93, 4, 'D003', '访客专用', 0),
(94, 4, 'D004', '访客专用', 0), (95, 4, 'D005', '访客专用', 0), (96, 4, 'D006', '访客专用', 0),
(97, 4, 'D007', '访客专用', 0), (98, 4, 'D008', '访客专用', 0), (99, 4, 'D009', '访客专用', 0),
(100, 4, 'D010', '访客专用', 0);

SET FOREIGN_KEY_CHECKS = 1;

-- 数据导入完成统计
SELECT '========================================' AS divider;
SELECT '智能停车场管理系统 - 初始化数据导入完成' AS title;
SELECT '========================================' AS divider;

SELECT
    '收费规则' AS item,
    COUNT(*) AS count,
    GROUP_CONCAT(DISTINCT rule_name SEPARATOR '、') AS detail
FROM `fee_rule`;

SELECT
    '停车区域' AS item,
    COUNT(*) AS count,
    GROUP_CONCAT(DISTINCT CONCAT(area_name, '(', total_spaces, '个)') SEPARATOR '、') AS detail
FROM `parking_area`;

SELECT
    '停车位' AS item,
    COUNT(*) AS count,
    CONCAT('普通:', SUM(CASE WHEN space_type='普通' THEN 1 ELSE 0 END),
           ', VIP:', SUM(CASE WHEN space_type='VIP' THEN 1 ELSE 0 END),
           ', 充电桩:', SUM(CASE WHEN space_type='充电桩' THEN 1 ELSE 0 END),
           ', 特殊:', SUM(CASE WHEN space_type IN ('残疾人','女性专用','访客临时') THEN 1 ELSE 0 END)) AS detail
FROM `parking_space`;

SELECT
    '用户账号' AS item,
    COUNT(*) AS count,
    CONCAT('管理员:', SUM(CASE WHEN user_type=1 THEN 1 ELSE 0 END),
           ', 普通用户:', SUM(CASE WHEN user_type=2 THEN 1 ELSE 0 END)) AS detail
FROM `sys_user`;

SELECT '默认密码: 123456' AS notice;

-- 共导入 100 条停车记录
INSERT INTO `parking_record` (`record_id`, `plate_number`, `space_id`, `entry_time`, `entry_gate`, `exit_time`, `exit_gate`, `parking_minutes`, `fee_amount`, `payable_amount`, `paid_amount`, `pay_status`, `pay_time`, `pay_method`, `status`) VALUES
(1, '沪BUSQL4', 86, '2024-04-25 08:41:14', 'A1', '2024-04-25 16:04:14', 'A1', 443, 26.00, 26.00, 26.00, 1, '2024-04-25 16:04:14', '微信支付', 1),
(2, '苏BKLUH7', 46, '2024-05-07 16:54:44', 'A1', '2024-05-07 19:03:44', 'A1', 129, 11.00, 11.00, 11.00, 1, '2024-05-07 19:03:44', '微信支付', 1),
(3, '浙A4P1KS', 38, '2024-09-07 16:21:45', 'A1', '2024-09-07 20:21:45', 'A1', 240, 17.00, 17.00, 17.00, 1, '2024-09-07 20:21:45', '微信支付', 1),
(4, '苏B77P3M', 95, '2024-07-03 21:05:25', 'A1', '2024-07-04 01:30:25', 'A1', 265, 17.00, 17.00, 17.00, 1, '2024-07-04 01:30:25', '微信支付', 1),
(5, '苏BALKJL', 2, '2024-01-19 04:17:24', 'A1', '2024-01-19 09:09:24', 'A1', 292, 17.00, 17.00, 0.00, 0, NULL, NULL, 1),
(6, '浙AK59M3', 28, '2024-05-22 16:21:17', 'A1', '2024-05-22 18:44:17', 'A1', 143, 11.00, 11.00, 11.00, 1, '2024-05-22 18:44:17', '微信支付', 1),
(7, '浙ACQK9M', 28, '2024-03-04 16:39:18', 'A1', '2024-03-04 17:45:18', 'A1', 66, 8.00, 8.00, 8.00, 1, '2024-03-04 17:45:18', '微信支付', 1),
(8, '京B6E437', 69, '2024-01-24 13:07:47', 'A1', '2024-01-24 20:43:47', 'A1', 456, 26.00, 26.00, 26.00, 1, '2024-01-24 20:43:47', '微信支付', 1),
(9, '粤AE0FYB', 23, '2024-03-07 04:18:00', 'A1', '2024-03-07 10:15:00', 'A1', 357, 20.00, 20.00, 20.00, 1, '2024-03-07 10:15:00', '微信支付', 1),
(10, '沪A3GXJW', 33, '2024-01-27 02:50:14', 'A1', '2024-01-27 03:59:14', 'A1', 69, 8.00, 8.00, 8.00, 1, '2024-01-27 03:59:14', '微信支付', 1),
(11, '苏BYBY4W', 42, '2024-03-10 11:06:00', 'A1', '2024-03-10 12:53:00', 'A1', 107, 8.00, 8.00, 0.00, 0, NULL, NULL, 1),
(12, '沪BEHQYG', 75, '2024-03-02 23:04:59', 'A1', '2024-03-03 02:12:59', 'A1', 188, 14.00, 14.00, 14.00, 1, '2024-03-03 02:12:59', '微信支付', 1),
(13, '苏BJ07FM', 88, '2024-02-11 05:17:24', 'A1', '2024-02-11 10:13:24', 'A1', 296, 17.00, 17.00, 17.00, 1, '2024-02-11 10:13:24', '微信支付', 1),
(14, '粤AGWX7M', 27, '2024-01-18 14:01:14', 'A1', '2024-01-18 19:36:14', 'A1', 335, 20.00, 20.00, 20.00, 1, '2024-01-18 19:36:14', '微信支付', 1),
(15, '京AC15F7', 9, '2024-07-24 10:48:15', 'A1', '2024-07-24 15:33:15', 'A1', 285, 17.00, 17.00, 17.00, 1, '2024-07-24 15:33:15', '微信支付', 1),
(16, '京CQ43NU', 96, '2024-11-19 15:39:58', 'A1', '2024-11-19 16:21:58', 'A1', 42, 5.00, 5.00, 5.00, 1, '2024-11-19 16:21:58', '微信支付', 1),
(17, '京B7673K', 23, '2024-02-25 03:15:50', 'A1', '2024-02-25 05:32:50', 'A1', 137, 11.00, 11.00, 0.00, 0, NULL, NULL, 1),
(18, '沪BWBL8P', 65, '2024-05-20 05:10:10', 'A1', '2024-05-20 08:47:10', 'A1', 217, 14.00, 14.00, 0.00, 0, NULL, NULL, 1),
(19, '苏BYUXU0', 53, '2024-12-28 02:54:10', 'A1', '2024-12-28 03:27:10', 'A1', 33, 5.00, 5.00, 5.00, 1, '2024-12-28 03:27:10', '微信支付', 1),
(20, '浙A89TC6', 7, '2024-09-08 17:22:35', 'A1', '2024-09-08 19:35:35', 'A1', 133, 11.00, 11.00, 11.00, 1, '2024-09-08 19:35:35', '微信支付', 1),
(21, '京A584KW', 3, '2024-03-28 00:33:23', 'A1', '2024-03-28 04:42:23', 'A1', 249, 17.00, 17.00, 17.00, 1, '2024-03-28 04:42:23', '微信支付', 1),
(22, '苏A3A2EM', 25, '2024-04-12 20:11:49', 'A1', '2024-04-12 21:45:49', 'A1', 94, 8.00, 8.00, 8.00, 1, '2024-04-12 21:45:49', '微信支付', 1),
(23, '沪BYUUXW', 75, '2024-04-10 10:19:58', 'A1', '2024-04-10 13:15:58', 'A1', 176, 11.00, 11.00, 11.00, 1, '2024-04-10 13:15:58', '微信支付', 1),
(24, '京A0XV7Z', 84, '2024-09-28 12:57:08', 'A1', '2024-09-28 18:50:08', 'A1', 353, 20.00, 20.00, 20.00, 1, '2024-09-28 18:50:08', '微信支付', 1),
(25, '京B3YBF4', 64, '2024-03-19 02:13:21', 'A1', '2024-03-19 05:35:21', 'A1', 202, 14.00, 14.00, 14.00, 1, '2024-03-19 05:35:21', '微信支付', 1),
(26, '沪A7L50M', 88, '2024-07-24 20:25:20', 'A1', '2024-07-25 00:23:20', 'A1', 238, 14.00, 14.00, 14.00, 1, '2024-07-25 00:23:20', '微信支付', 1),
(27, '粤ATLEB3', 64, '2024-11-04 07:03:44', 'A1', '2024-11-04 11:53:44', 'A1', 290, 17.00, 17.00, 17.00, 1, '2024-11-04 11:53:44', '微信支付', 1),
(28, '京ABXAPJ', 7, '2024-04-12 21:49:42', 'A1', '2024-04-13 04:06:42', 'A1', 377, 23.00, 23.00, 23.00, 1, '2024-04-13 04:06:42', '微信支付', 1),
(29, '浙A3LEGS', 28, '2024-02-25 16:07:27', 'A1', '2024-02-25 22:33:27', 'A1', 386, 23.00, 23.00, 23.00, 1, '2024-02-25 22:33:27', '微信支付', 1),
(30, '京BAEY9N', 15, '2024-04-02 10:35:11', 'A1', '2024-04-02 16:13:11', 'A1', 338, 20.00, 20.00, 20.00, 1, '2024-04-02 16:13:11', '微信支付', 1),
(31, '粤A4XKPC', 79, '2024-07-28 22:21:08', 'A1', '2024-07-29 00:07:08', 'A1', 106, 8.00, 8.00, 8.00, 1, '2024-07-29 00:07:08', '微信支付', 1),
(32, '粤BLNKET', 71, '2024-09-20 23:16:47', 'A1', '2024-09-21 02:46:47', 'A1', 210, 14.00, 14.00, 0.00, 0, NULL, NULL, 1),
(33, '浙AW00KH', 35, '2024-05-04 03:21:45', 'A1', '2024-05-04 07:06:45', 'A1', 225, 14.00, 14.00, 0.00, 0, NULL, NULL, 1),
(34, '粤ARDSDC', 61, '2024-11-09 03:25:34', 'A1', '2024-11-09 05:33:34', 'A1', 128, 11.00, 11.00, 11.00, 1, '2024-11-09 05:33:34', '微信支付', 1),
(35, '京BBANT1', 85, '2024-01-08 03:29:30', 'A1', '2024-01-08 06:00:30', 'A1', 151, 11.00, 11.00, 11.00, 1, '2024-01-08 06:00:30', '微信支付', 1),
(36, '粤AD3WKR', 71, '2024-04-21 04:48:27', 'A1', '2024-04-21 11:20:27', 'A1', 392, 23.00, 23.00, 23.00, 1, '2024-04-21 11:20:27', '微信支付', 1),
(37, '京BTP4N4', 43, '2024-03-02 01:38:27', 'A1', '2024-03-02 03:19:27', 'A1', 101, 8.00, 8.00, 8.00, 1, '2024-03-02 03:19:27', '微信支付', 1),
(38, '苏AEH3MD', 23, '2024-05-24 14:21:45', 'A1', '2024-05-24 15:08:45', 'A1', 47, 5.00, 5.00, 5.00, 1, '2024-05-24 15:08:45', '微信支付', 1),
(39, '苏AG87BD', 12, '2024-03-05 08:19:22', 'A1', '2024-03-05 11:50:22', 'A1', 211, 14.00, 14.00, 14.00, 1, '2024-03-05 11:50:22', '微信支付', 1),
(40, '沪B5ECKD', 18, '2024-09-06 18:54:27', 'A1', '2024-09-07 02:42:27', 'A1', 468, 26.00, 26.00, 0.00, 0, NULL, NULL, 1),
(41, '沪AWK8NT', 48, '2024-01-05 03:22:45', 'A1', '2024-01-05 10:32:45', 'A1', 430, 26.00, 26.00, 26.00, 1, '2024-01-05 10:32:45', '微信支付', 1),
(42, '京B8QA33', 23, '2024-02-01 05:13:01', 'A1', '2024-02-01 07:31:01', 'A1', 138, 11.00, 11.00, 11.00, 1, '2024-02-01 07:31:01', '微信支付', 1),
(43, '粤BVA0XZ', 24, '2024-06-04 06:32:18', 'A1', '2024-06-04 07:39:18', 'A1', 67, 8.00, 8.00, 8.00, 1, '2024-06-04 07:39:18', '微信支付', 1),
(44, '苏A3F6CG', 36, '2024-03-06 15:42:52', 'A1', '2024-03-06 16:36:52', 'A1', 54, 5.00, 5.00, 0.00, 0, NULL, NULL, 1),
(45, '粤BSD2C7', 48, '2024-01-25 21:55:17', 'A1', '2024-01-26 05:54:17', 'A1', 479, 26.00, 26.00, 26.00, 1, '2024-01-26 05:54:17', '微信支付', 1),
(46, '沪AW6MQ8', 48, '2024-01-03 21:55:17', 'A1', '2024-01-04 00:00:17', 'A1', 125, 11.00, 11.00, 11.00, 1, '2024-01-04 00:00:17', '微信支付', 1),
(47, '苏AAWZUH', 6, '2024-01-02 17:44:32', 'A1', '2024-01-02 20:33:32', 'A1', 169, 11.00, 11.00, 11.00, 1, '2024-01-02 20:33:32', '微信支付', 1),
(48, '京ACC2PF', 13, '2024-01-03 08:43:03', 'A1', '2024-01-03 10:04:03', 'A1', 81, 8.00, 8.00, 8.00, 1, '2024-01-03 10:04:03', '微信支付', 1),
(49, '粤AXBBVE', 6, '2024-01-04 04:47:34', 'A1', '2024-01-04 07:33:34', 'A1', 166, 11.00, 11.00, 0.00, 0, NULL, NULL, 1),
(50, '沪BE6D2Y', 38, '2024-01-05 01:31:42', 'A1', '2024-01-05 04:22:42', 'A1', 171, 11.00, 11.00, 11.00, 1, '2024-01-05 04:22:42', '微信支付', 1),
(51, '京B66B68', 18, '2024-01-05 16:58:09', 'A1', '2024-01-05 21:14:09', 'A1', 256, 17.00, 17.00, 17.00, 1, '2024-01-05 21:14:09', '微信支付', 1),
(52, '京CUXCK1', 41, '2024-01-06 23:46:01', 'A1', '2024-01-07 03:06:01', 'A1', 200, 14.00, 14.00, 14.00, 1, '2024-01-07 03:06:01', '微信支付', 1),
(53, '京BA3ZCN', 89, '2024-01-07 10:14:36', 'A1', '2024-01-07 15:02:36', 'A1', 288, 17.00, 17.00, 17.00, 1, '2024-01-07 15:02:36', '微信支付', 1),
(54, '苏A0EPYN', 73, '2024-01-08 01:59:38', 'A1', '2024-01-08 06:28:38', 'A1', 269, 17.00, 17.00, 0.00, 0, NULL, NULL, 1),
(55, '粤A6Y2XE', 62, '2024-01-09 13:37:24', 'A1', '2024-01-09 20:57:24', 'A1', 440, 26.00, 26.00, 0.00, 0, NULL, NULL, 1),
(56, '沪AJLYQY', 4, '2024-01-09 15:37:01', 'A1', '2024-01-09 19:58:01', 'A1', 261, 17.00, 17.00, 0.00, 0, NULL, NULL, 1),
(57, '京CWWDNK', 34, '2024-01-10 12:21:10', 'A1', '2024-01-10 16:57:10', 'A1', 276, 17.00, 17.00, 17.00, 1, '2024-01-10 16:57:10', '微信支付', 1),
(58, '苏BNTQYM', 28, '2024-01-10 05:21:49', 'A1', '2024-01-10 06:43:49', 'A1', 82, 8.00, 8.00, 0.00, 0, NULL, NULL, 1),
(59, '沪A5QWM0', 72, '2024-01-10 06:37:54', 'A1', '2024-01-10 08:17:54', 'A1', 100, 8.00, 8.00, 8.00, 1, '2024-01-10 08:17:54', '微信支付', 1),
(60, '苏AYD1GA', 61, '2024-01-11 13:50:57', 'A1', '2024-01-11 17:01:57', 'A1', 191, 14.00, 14.00, 14.00, 1, '2024-01-11 17:01:57', '微信支付', 1),
(61, '粤B8J9T8', 41, '2024-01-11 21:07:08', 'A1', '2024-01-12 02:56:08', 'A1', 349, 20.00, 20.00, 20.00, 1, '2024-01-12 02:56:08', '微信支付', 1),
(62, '沪AATK5Q', 54, '2024-01-11 19:58:23', 'A1', '2024-01-11 23:50:23', 'A1', 232, 14.00, 14.00, 14.00, 1, '2024-01-11 23:50:23', '微信支付', 1),
(63, '苏AXU0EC', 64, '2024-02-07 13:08:00', 'A1', '2024-02-07 14:23:00', 'A1', 75, 8.00, 8.00, 8.00, 1, '2024-02-07 14:23:00', '微信支付', 1),
(64, '沪BHNH50', 83, '2024-01-13 01:02:29', 'A1', '2024-01-13 08:44:29', 'A1', 462, 26.00, 26.00, 26.00, 1, '2024-01-13 08:44:29', '微信支付', 1),
(65, '京CQZ07V', 100, '2024-01-13 05:05:13', 'A1', '2024-01-13 12:20:13', 'A1', 435, 26.00, 26.00, 26.00, 1, '2024-01-13 12:20:13', '微信支付', 1),
(66, '苏BG4Y2T', 37, '2024-01-13 05:39:20', 'A1', '2024-01-13 08:02:20', 'A1', 143, 11.00, 11.00, 11.00, 1, '2024-01-13 08:02:20', '微信支付', 1),
(67, '京BWJLLU', 79, '2024-01-14 20:33:33', 'A1', '2024-01-14 21:55:33', 'A1', 82, 8.00, 8.00, 0.00, 0, NULL, NULL, 1),
(68, '粤BU2H0H', 77, '2024-01-14 03:47:45', 'A1', '2024-01-14 05:09:45', 'A1', 82, 8.00, 8.00, 8.00, 1, '2024-01-14 05:09:45', '微信支付', 1),
(69, '京B0EJYV', 47, '2024-01-15 14:06:04', 'A1', '2024-01-15 18:54:04', 'A1', 288, 17.00, 17.00, 17.00, 1, '2024-01-15 18:54:04', '微信支付', 1),
(70, '沪A2F006', 72, '2024-01-16 03:14:03', 'A1', '2024-01-16 09:54:03', 'A1', 400, 23.00, 23.00, 23.00, 1, '2024-01-16 09:54:03', '微信支付', 1),
(71, '京CJG2RU', 15, '2024-01-18 03:16:09', 'A1', '2024-01-18 06:05:09', 'A1', 169, 11.00, 11.00, 11.00, 1, '2024-01-18 06:05:09', '微信支付', 1),
(72, '苏BZKAJL', 78, '2024-01-20 11:33:33', 'A1', '2024-01-20 12:41:33', 'A1', 68, 8.00, 8.00, 8.00, 1, '2024-01-20 12:41:33', '微信支付', 1),
(73, '粤BPXVDS', 86, '2024-01-21 20:45:01', 'A1', '2024-01-21 23:05:01', 'A1', 140, 11.00, 11.00, 11.00, 1, '2024-01-21 23:05:01', '微信支付', 1),
(74, '苏BXS362', 32, '2024-01-21 06:38:31', 'A1', '2024-01-21 08:12:31', 'A1', 94, 8.00, 8.00, 8.00, 1, '2024-01-21 08:12:31', '微信支付', 1),
(75, '沪BPFJH3', 82, '2024-01-22 05:32:56', 'A1', '2024-01-22 07:04:56', 'A1', 92, 8.00, 8.00, 0.00, 0, NULL, NULL, 1),
(76, '苏B0PYT1', 46, '2024-01-23 10:05:37', 'A1', '2024-01-23 16:39:37', 'A1', 394, 23.00, 23.00, 23.00, 1, '2024-01-23 16:39:37', '微信支付', 1),
(77, '京BPV59G', 7, '2024-01-24 20:03:49', 'A1', '2024-01-25 01:59:49', 'A1', 356, 20.00, 20.00, 20.00, 1, '2024-01-25 01:59:49', '微信支付', 1),
(78, '苏A27ZSK', 95, '2024-01-24 20:48:10', 'A1', '2024-01-25 01:08:10', 'A1', 260, 17.00, 17.00, 17.00, 1, '2024-01-25 01:08:10', '微信支付', 1),
(79, '沪AXQTF6', 10, '2024-03-23 19:09:00', 'A1', '2024-03-24 00:00:00', 'A1', 291, 17.00, 17.00, 17.00, 1, '2024-03-24 00:00:00', '微信支付', 1),
(80, '京BWBP4E', 91, '2024-01-25 02:10:34', 'A1', '2024-01-25 03:19:34', 'A1', 69, 8.00, 8.00, 8.00, 1, '2024-01-25 03:19:34', '微信支付', 1),
(81, '沪AUUC5W', 18, '2024-01-25 12:31:56', 'A1', '2024-01-25 13:15:56', 'A1', 44, 5.00, 5.00, 5.00, 1, '2024-01-25 13:15:56', '微信支付', 1),
(82, '京AKTY22', 59, '2024-01-26 04:08:34', 'A1', '2024-01-26 06:46:34', 'A1', 158, 11.00, 11.00, 11.00, 1, '2024-01-26 06:46:34', '微信支付', 1),
(83, '京A874MH', 84, '2024-01-26 11:05:25', 'A1', '2024-01-26 17:16:25', 'A1', 371, 23.00, 23.00, 23.00, 1, '2024-01-26 17:16:25', '微信支付', 1),
(84, '京BFT87E', 85, '2024-01-26 17:41:37', 'A1', '2024-01-26 23:53:37', 'A1', 372, 23.00, 23.00, 23.00, 1, '2024-01-26 23:53:37', '微信支付', 1),
(85, '苏A80SS9', 98, '2024-01-27 22:17:11', 'A1', '2024-01-28 03:14:11', 'A1', 297, 17.00, 17.00, 0.00, 0, NULL, NULL, 1),
(86, '京CWS4BZ', 65, '2024-01-27 01:21:26', 'A1', '2024-01-27 03:55:26', 'A1', 154, 11.00, 11.00, 11.00, 1, '2024-01-27 03:55:26', '微信支付', 1),
(87, '沪AYRV4N', 90, '2024-01-27 16:15:11', 'A1', '2024-01-27 23:09:11', 'A1', 414, 23.00, 23.00, 23.00, 1, '2024-01-27 23:09:11', '微信支付', 1),
(88, '京CDJVNT', 38, '2024-01-28 06:51:34', 'A1', '2024-01-28 14:31:34', 'A1', 460, 26.00, 26.00, 26.00, 1, '2024-01-28 14:31:34', '微信支付', 1),
(89, '京C27B7A', 24, '2024-01-28 18:48:15', 'A1', '2024-01-28 21:38:15', 'A1', 170, 11.00, 11.00, 11.00, 1, '2024-01-28 21:38:15', '微信支付', 1),
(90, '京AQVPGZ', 100, '2024-01-22 16:14:42', 'A1', '2024-01-22 17:14:42', 'A1', 60, 5.00, 5.00, 5.00, 1, '2024-01-22 17:14:42', '微信支付', 1),
(91, '粤B01RYK', 32, '2024-01-21 15:40:22', 'A1', '2024-01-21 19:06:22', 'A1', 206, 14.00, 14.00, 14.00, 1, '2024-01-21 19:06:22', '微信支付', 1),
(92, '京C52QGP', 83, '2024-01-23 16:27:06', 'A1', '2024-01-23 17:58:06', 'A1', 91, 8.00, 8.00, 0.00, 0, NULL, NULL, 1),
(93, '沪BX2EMU', 58, '2024-01-12 04:55:17', 'A1', '2024-01-12 12:06:17', 'A1', 431, 26.00, 26.00, 26.00, 1, '2024-01-12 12:06:17', '微信支付', 1),
(94, '京A76HQZ', 76, '2024-01-08 22:55:17', 'A1', '2024-01-09 03:08:17', 'A1', 253, 17.00, 17.00, 0.00, 0, NULL, NULL, 1),
(95, '粤BFMJHM', 49, '2024-01-17 07:13:02', 'A1', '2024-01-17 08:43:02', 'A1', 90, 8.00, 8.00, 0.00, 0, NULL, NULL, 1),
(96, '京A1JEKQ', 29, '2024-01-22 13:00:58', 'A1', '2024-01-22 14:35:58', 'A1', 95, 8.00, 8.00, 0.00, 0, NULL, NULL, 1),
(97, '沪BDKQRT', 70, '2024-01-05 12:33:33', 'A1', '2024-01-05 16:50:33', 'A1', 257, 17.00, 17.00, 0.00, 0, NULL, NULL, 1),
(98, '沪ACHAE5', 75, '2024-01-11 18:53:09', 'A1', '2024-01-12 01:27:09', 'A1', 394, 23.00, 23.00, 23.00, 1, '2024-01-12 01:27:09', '微信支付', 1),
(99, '粤BE3ZPC', 58, '2024-01-01 02:57:33', 'A1', '2024-01-01 05:42:33', 'A1', 165, 11.00, 11.00, 11.00, 1, '2024-01-01 05:42:33', '微信支付', 1),
(100, '京CNN3KL', 100, '2024-01-26 03:16:09', 'A1', '2024-01-26 11:00:09', 'A1', 464, 26.00, 26.00, 0.00, 0, NULL, NULL, 1);

SET FOREIGN_KEY_CHECKS = 1;

-- 共导入 100 条仿真记录
-- 图片已重命名并复制到: d:/1_Source/BSYCode/backend/uploads/plates